{
  "id": "4510478",
  "name": "no name",
  "font_family": "iconfont",
  "css_prefix_text": "icon-",
  "description": "arch",
  "glyphs": [
    {
      "icon_id": "35593780",
      "name": "古风祥云云朵85",
      "font_class": "gufengxiangyunyunduo85",
      "unicode": "e792",
      "unicode_decimal": 59282
    },
    {
      "icon_id": "35593781",
      "name": "古风祥云云朵84",
      "font_class": "gufengxiangyunyunduo84",
      "unicode": "e793",
      "unicode_decimal": 59283
    },
    {
      "icon_id": "35593782",
      "name": "古风祥云云朵68",
      "font_class": "gufengxiangyunyunduo68",
      "unicode": "e794",
      "unicode_decimal": 59284
    },
    {
      "icon_id": "35593783",
      "name": "古风祥云云朵83",
      "font_class": "gufengxiangyunyunduo83",
      "unicode": "e795",
      "unicode_decimal": 59285
    },
    {
      "icon_id": "37765450",
      "name": "古风祥云云朵23-copy",
      "font_class": "gufengxiangyunyunduo231",
      "unicode": "e61d",
      "unicode_decimal": 58909
    },
    {
      "icon_id": "37875548",
      "name": "古风物件，中国风，竹简",
      "font_class": "a-gufengwujianzhongguofengzhujian",
      "unicode": "e61e",
      "unicode_decimal": 58910
    },
    {
      "icon_id": "38188092",
      "name": "古风物件，中国风，铜钱，圆形方孔钱-copy",
      "font_class": "gufengwujianzhongguofengtongqianyuanxingfangkongqian_huaban_huaban1",
      "unicode": "e61f",
      "unicode_decimal": 58911
    },
    {
      "icon_id": "10633067",
      "name": "古风云",
      "font_class": "yun",
      "unicode": "e610",
      "unicode_decimal": 58896
    },
    {
      "icon_id": "10633076",
      "name": "古风云",
      "font_class": "yun1",
      "unicode": "e611",
      "unicode_decimal": 58897
    },
    {
      "icon_id": "12929353",
      "name": "古风物件，中国风，古代书",
      "font_class": "gufengwujianzhongguofenggudaishu_huaban_huaban",
      "unicode": "e600",
      "unicode_decimal": 58880
    },
    {
      "icon_id": "13469006",
      "name": "古风物件，中国风，古代兵器，戟，方天画戟",
      "font_class": "gufengwujianzhongguofenggudaibingqijifangtianhuaji_huaban_huaban",
      "unicode": "e601",
      "unicode_decimal": 58881
    },
    {
      "icon_id": "14503665",
      "name": "古风物件，中国风，中国结",
      "font_class": "gufengwujianzhongguofengzhongguojie",
      "unicode": "e602",
      "unicode_decimal": 58882
    },
    {
      "icon_id": "18251988",
      "name": "古风物件，中国风，古代乐器，箜篌",
      "font_class": "gufengwujianzhongguofenggudaileqikonghou_huaban_huaban_huaban_huaban",
      "unicode": "e603",
      "unicode_decimal": 58883
    },
    {
      "icon_id": "18251989",
      "name": "古风物件，中国风，铜钱，圆形方孔钱2",
      "font_class": "gufengwujianzhongguofengtongqianyuanxingfangkongqian_huaban_huaban2",
      "unicode": "e604",
      "unicode_decimal": 58884
    },
    {
      "icon_id": "18251990",
      "name": "古风物件，中国风，古代乐器，梅花琴",
      "font_class": "gufengwujianzhongguofenggudaileqimeihuaqin_huaban_huaban_huaban_huaban",
      "unicode": "e605",
      "unicode_decimal": 58885
    },
    {
      "icon_id": "18251995",
      "name": "古风物件，中国风，中国结",
      "font_class": "gufengwujianzhongguofengzhongguojie_huaban_huaban",
      "unicode": "e606",
      "unicode_decimal": 58886
    },
    {
      "icon_id": "18577918",
      "name": "古风物件，中国风，扇子，团扇1",
      "font_class": "gufengwujianzhongguofengshanzituanshan_huaban",
      "unicode": "e607",
      "unicode_decimal": 58887
    },
    {
      "icon_id": "18790661",
      "name": "古风物件，中国风，文房四宝，笔，毛笔",
      "font_class": "gufengwujianzhongguofengwenfangsibaobimaobi_huaban_huaban",
      "unicode": "e608",
      "unicode_decimal": 58888
    },
    {
      "icon_id": "18860555",
      "name": "古风物件，中国风，古代器物，乐器，酒器，缶",
      "font_class": "gufengwujianzhongguofenggudaiqiwuleqijiuqifou_huaban_huaban",
      "unicode": "e609",
      "unicode_decimal": 58889
    },
    {
      "icon_id": "18860605",
      "name": "古风物件，中国风，古代器物，乐器，酒器，缶",
      "font_class": "gufengwujianzhongguofenggudaiqiwuleqijiuqifou_huaban_huaban-copy",
      "unicode": "e60a",
      "unicode_decimal": 58890
    },
    {
      "icon_id": "18860938",
      "name": "古风物件，中国风，古代器物，乐器，酒器，缶",
      "font_class": "gufengwujianzhongguofenggudaiqiwuleqijiuqifou_huaban_huaban-copy1",
      "unicode": "e60b",
      "unicode_decimal": 58891
    },
    {
      "icon_id": "18865308",
      "name": "古风物件，中国风，古代器物，礼器，食器，三足鼎",
      "font_class": "gufengwujianzhongguofenggudaiqiwuliqishiqisanzuding_huaban_huaban",
      "unicode": "e60c",
      "unicode_decimal": 58892
    },
    {
      "icon_id": "18865311",
      "name": "古风物件，中国风，古代器物，礼器，食器，三足鼎",
      "font_class": "gufengwujianzhongguofenggudaiqiwuliqishiqisanzuding_huaban_huaban-copy",
      "unicode": "e60d",
      "unicode_decimal": 58893
    },
    {
      "icon_id": "18899523",
      "name": "古风云",
      "font_class": "yun11",
      "unicode": "e60e",
      "unicode_decimal": 58894
    },
    {
      "icon_id": "19528203",
      "name": "古风物件，中国风，铜钱，圆形方孔钱",
      "font_class": "tongqian",
      "unicode": "e60f",
      "unicode_decimal": 58895
    },
    {
      "icon_id": "20315181",
      "name": "古风物件，中国风，古代器物，酒器，爵",
      "font_class": "gufengwujianzhongguofenggudaiqiwujiuqijue_huaban_huaban",
      "unicode": "e612",
      "unicode_decimal": 58898
    },
    {
      "icon_id": "20583735",
      "name": "古风物件，中国风，古代器物，乐器，酒器，缶",
      "font_class": "gufengwujianzhongguofenggudaiqiwuleqijiuqifou_huaban_huaban1",
      "unicode": "e613",
      "unicode_decimal": 58899
    },
    {
      "icon_id": "21762301",
      "name": "古风物件，中国风，古代乐器，箜篌",
      "font_class": "gufengwujianzhongguofenggudaileqikonghou_huaban_huaban_huaban_huaban-copy",
      "unicode": "e614",
      "unicode_decimal": 58900
    },
    {
      "icon_id": "24239367",
      "name": "国学古风",
      "font_class": "-_guoxuegufeng",
      "unicode": "e75e",
      "unicode_decimal": 59230
    },
    {
      "icon_id": "24261703",
      "name": "古风物件，中国风，中国结",
      "font_class": "a-gufengwujianzhongguofengzhongguojie",
      "unicode": "e615",
      "unicode_decimal": 58901
    },
    {
      "icon_id": "26795309",
      "name": "古风物件，中国风，古代兵器，剑，古剑",
      "font_class": "gufengwujianzhongguofenggudaibingqijiangujian_huaban_huaban",
      "unicode": "e616",
      "unicode_decimal": 58902
    },
    {
      "icon_id": "33057219",
      "name": "古风物件，中国风，竹简-copy",
      "font_class": "gufengwujianzhongguofengzhujian_huaban_huaban_huaban",
      "unicode": "e617",
      "unicode_decimal": 58903
    },
    {
      "icon_id": "33057444",
      "name": "古风物件，中国风，古代书-copy-copy",
      "font_class": "gufengwujianzhongguofenggudaishu_huaban_huaban-copy",
      "unicode": "e618",
      "unicode_decimal": 58904
    },
    {
      "icon_id": "33470611",
      "name": "古风物件，中国风，铜钱，圆形方孔钱2-copy",
      "font_class": "gufengwujianzhongguofengtongqianyuanxingfangkongqian_huaban_huaban",
      "unicode": "e619",
      "unicode_decimal": 58905
    },
    {
      "icon_id": "33470627",
      "name": "古风物件，中国风，竹简-copy",
      "font_class": "gufengwujianzhongguofengzhujian_huaban_huaban_huaban1",
      "unicode": "e61a",
      "unicode_decimal": 58906
    },
    {
      "icon_id": "33470633",
      "name": "古风物件，中国风，古代书案-copy",
      "font_class": "gufengwujianzhongguofenggudaishuan_huaban_huaban",
      "unicode": "e61b",
      "unicode_decimal": 58907
    },
    {
      "icon_id": "35079435",
      "name": "古风物件，中国风，古代兵器，锏，亢龙锏-copy",
      "font_class": "gufengwujianzhongguofenggudaibingqijiankanglongjian_huaban_huaban",
      "unicode": "e61c",
      "unicode_decimal": 58908
    },
    {
      "icon_id": "35593703",
      "name": "古风祥云云朵1",
      "font_class": "gufengxiangyunyunduo1",
      "unicode": "e74c",
      "unicode_decimal": 59212
    },
    {
      "icon_id": "35593704",
      "name": "古风祥云云朵3",
      "font_class": "gufengxiangyunyunduo3",
      "unicode": "e74d",
      "unicode_decimal": 59213
    },
    {
      "icon_id": "35593705",
      "name": "古风祥云云朵4",
      "font_class": "gufengxiangyunyunduo4",
      "unicode": "e74e",
      "unicode_decimal": 59214
    },
    {
      "icon_id": "35593706",
      "name": "古风祥云云朵6",
      "font_class": "gufengxiangyunyunduo6",
      "unicode": "e74f",
      "unicode_decimal": 59215
    },
    {
      "icon_id": "35593707",
      "name": "古风祥云云朵10",
      "font_class": "gufengxiangyunyunduo10",
      "unicode": "e750",
      "unicode_decimal": 59216
    },
    {
      "icon_id": "35593708",
      "name": "古风祥云云朵8",
      "font_class": "gufengxiangyunyunduo8",
      "unicode": "e751",
      "unicode_decimal": 59217
    },
    {
      "icon_id": "35593709",
      "name": "古风祥云云朵5",
      "font_class": "gufengxiangyunyunduo5",
      "unicode": "e752",
      "unicode_decimal": 59218
    },
    {
      "icon_id": "35593710",
      "name": "古风祥云云朵9",
      "font_class": "gufengxiangyunyunduo9",
      "unicode": "e753",
      "unicode_decimal": 59219
    },
    {
      "icon_id": "35593711",
      "name": "古风祥云云朵12",
      "font_class": "gufengxiangyunyunduo12",
      "unicode": "e754",
      "unicode_decimal": 59220
    },
    {
      "icon_id": "35593712",
      "name": "古风祥云云朵14",
      "font_class": "gufengxiangyunyunduo14",
      "unicode": "e755",
      "unicode_decimal": 59221
    },
    {
      "icon_id": "35593713",
      "name": "古风祥云云朵7",
      "font_class": "gufengxiangyunyunduo7",
      "unicode": "e756",
      "unicode_decimal": 59222
    },
    {
      "icon_id": "35593714",
      "name": "古风祥云云朵13",
      "font_class": "gufengxiangyunyunduo13",
      "unicode": "e757",
      "unicode_decimal": 59223
    },
    {
      "icon_id": "35593716",
      "name": "古风祥云云朵11",
      "font_class": "gufengxiangyunyunduo11",
      "unicode": "e758",
      "unicode_decimal": 59224
    },
    {
      "icon_id": "35593717",
      "name": "古风祥云云朵15",
      "font_class": "gufengxiangyunyunduo15",
      "unicode": "e759",
      "unicode_decimal": 59225
    },
    {
      "icon_id": "35593718",
      "name": "古风祥云云朵20",
      "font_class": "gufengxiangyunyunduo20",
      "unicode": "e75a",
      "unicode_decimal": 59226
    },
    {
      "icon_id": "35593719",
      "name": "古风祥云云朵21",
      "font_class": "gufengxiangyunyunduo21",
      "unicode": "e75b",
      "unicode_decimal": 59227
    },
    {
      "icon_id": "35593720",
      "name": "古风祥云云朵24",
      "font_class": "gufengxiangyunyunduo24",
      "unicode": "e75c",
      "unicode_decimal": 59228
    },
    {
      "icon_id": "35593721",
      "name": "古风祥云云朵27",
      "font_class": "gufengxiangyunyunduo27",
      "unicode": "e75d",
      "unicode_decimal": 59229
    },
    {
      "icon_id": "35593722",
      "name": "古风祥云云朵23",
      "font_class": "gufengxiangyunyunduo23",
      "unicode": "e75f",
      "unicode_decimal": 59231
    },
    {
      "icon_id": "35593723",
      "name": "古风祥云云朵25",
      "font_class": "gufengxiangyunyunduo25",
      "unicode": "e760",
      "unicode_decimal": 59232
    },
    {
      "icon_id": "35593724",
      "name": "古风祥云云朵22",
      "font_class": "gufengxiangyunyunduo22",
      "unicode": "e761",
      "unicode_decimal": 59233
    },
    {
      "icon_id": "35593725",
      "name": "古风祥云云朵33",
      "font_class": "gufengxiangyunyunduo33",
      "unicode": "e762",
      "unicode_decimal": 59234
    },
    {
      "icon_id": "35593726",
      "name": "古风祥云云朵28",
      "font_class": "gufengxiangyunyunduo28",
      "unicode": "e763",
      "unicode_decimal": 59235
    },
    {
      "icon_id": "35593728",
      "name": "古风祥云云朵31",
      "font_class": "gufengxiangyunyunduo31",
      "unicode": "e764",
      "unicode_decimal": 59236
    },
    {
      "icon_id": "35593730",
      "name": "古风祥云云朵40",
      "font_class": "gufengxiangyunyunduo40",
      "unicode": "e765",
      "unicode_decimal": 59237
    },
    {
      "icon_id": "35593731",
      "name": "古风祥云云朵30",
      "font_class": "gufengxiangyunyunduo30",
      "unicode": "e766",
      "unicode_decimal": 59238
    },
    {
      "icon_id": "35593732",
      "name": "古风祥云云朵26",
      "font_class": "gufengxiangyunyunduo26",
      "unicode": "e767",
      "unicode_decimal": 59239
    },
    {
      "icon_id": "35593733",
      "name": "古风祥云云朵36",
      "font_class": "gufengxiangyunyunduo36",
      "unicode": "e768",
      "unicode_decimal": 59240
    },
    {
      "icon_id": "35593734",
      "name": "古风祥云云朵18",
      "font_class": "gufengxiangyunyunduo18",
      "unicode": "e769",
      "unicode_decimal": 59241
    },
    {
      "icon_id": "35593735",
      "name": "古风祥云云朵35",
      "font_class": "gufengxiangyunyunduo35",
      "unicode": "e76a",
      "unicode_decimal": 59242
    },
    {
      "icon_id": "35593736",
      "name": "古风祥云云朵17",
      "font_class": "gufengxiangyunyunduo17",
      "unicode": "e76b",
      "unicode_decimal": 59243
    },
    {
      "icon_id": "35593737",
      "name": "古风祥云云朵47",
      "font_class": "gufengxiangyunyunduo47",
      "unicode": "e76c",
      "unicode_decimal": 59244
    },
    {
      "icon_id": "35593738",
      "name": "古风祥云云朵48",
      "font_class": "gufengxiangyunyunduo48",
      "unicode": "e76d",
      "unicode_decimal": 59245
    },
    {
      "icon_id": "35593739",
      "name": "古风祥云云朵19",
      "font_class": "gufengxiangyunyunduo19",
      "unicode": "e76e",
      "unicode_decimal": 59246
    },
    {
      "icon_id": "35593740",
      "name": "古风祥云云朵44",
      "font_class": "gufengxiangyunyunduo44",
      "unicode": "e76f",
      "unicode_decimal": 59247
    },
    {
      "icon_id": "35593742",
      "name": "古风祥云云朵52",
      "font_class": "gufengxiangyunyunduo52",
      "unicode": "e770",
      "unicode_decimal": 59248
    },
    {
      "icon_id": "35593744",
      "name": "古风祥云云朵41",
      "font_class": "gufengxiangyunyunduo41",
      "unicode": "e771",
      "unicode_decimal": 59249
    },
    {
      "icon_id": "35593745",
      "name": "古风祥云云朵56",
      "font_class": "gufengxiangyunyunduo56",
      "unicode": "e772",
      "unicode_decimal": 59250
    },
    {
      "icon_id": "35593747",
      "name": "古风祥云云朵38",
      "font_class": "gufengxiangyunyunduo38",
      "unicode": "e773",
      "unicode_decimal": 59251
    },
    {
      "icon_id": "35593748",
      "name": "古风祥云云朵54",
      "font_class": "gufengxiangyunyunduo54",
      "unicode": "e774",
      "unicode_decimal": 59252
    },
    {
      "icon_id": "35593749",
      "name": "古风祥云云朵46",
      "font_class": "gufengxiangyunyunduo46",
      "unicode": "e775",
      "unicode_decimal": 59253
    },
    {
      "icon_id": "35593750",
      "name": "古风祥云云朵29",
      "font_class": "gufengxiangyunyunduo29",
      "unicode": "e776",
      "unicode_decimal": 59254
    },
    {
      "icon_id": "35593751",
      "name": "古风祥云云朵45",
      "font_class": "gufengxiangyunyunduo45",
      "unicode": "e777",
      "unicode_decimal": 59255
    },
    {
      "icon_id": "35593752",
      "name": "古风祥云云朵57",
      "font_class": "gufengxiangyunyunduo57",
      "unicode": "e778",
      "unicode_decimal": 59256
    },
    {
      "icon_id": "35593753",
      "name": "古风祥云云朵59",
      "font_class": "gufengxiangyunyunduo59",
      "unicode": "e779",
      "unicode_decimal": 59257
    },
    {
      "icon_id": "35593754",
      "name": "古风祥云云朵42",
      "font_class": "gufengxiangyunyunduo42",
      "unicode": "e77a",
      "unicode_decimal": 59258
    },
    {
      "icon_id": "35593755",
      "name": "古风祥云云朵39",
      "font_class": "gufengxiangyunyunduo39",
      "unicode": "e77b",
      "unicode_decimal": 59259
    },
    {
      "icon_id": "35593756",
      "name": "古风祥云云朵34",
      "font_class": "gufengxiangyunyunduo34",
      "unicode": "e77c",
      "unicode_decimal": 59260
    },
    {
      "icon_id": "35593757",
      "name": "古风祥云云朵61",
      "font_class": "gufengxiangyunyunduo61",
      "unicode": "e77d",
      "unicode_decimal": 59261
    },
    {
      "icon_id": "35593758",
      "name": "古风祥云云朵62",
      "font_class": "gufengxiangyunyunduo62",
      "unicode": "e77e",
      "unicode_decimal": 59262
    },
    {
      "icon_id": "35593759",
      "name": "古风祥云云朵63",
      "font_class": "gufengxiangyunyunduo63",
      "unicode": "e77f",
      "unicode_decimal": 59263
    },
    {
      "icon_id": "35593760",
      "name": "古风祥云云朵65",
      "font_class": "gufengxiangyunyunduo65",
      "unicode": "e780",
      "unicode_decimal": 59264
    },
    {
      "icon_id": "35593761",
      "name": "古风祥云云朵43",
      "font_class": "gufengxiangyunyunduo43",
      "unicode": "e781",
      "unicode_decimal": 59265
    },
    {
      "icon_id": "35593762",
      "name": "古风祥云云朵74",
      "font_class": "gufengxiangyunyunduo74",
      "unicode": "e782",
      "unicode_decimal": 59266
    },
    {
      "icon_id": "35593763",
      "name": "古风祥云云朵77",
      "font_class": "gufengxiangyunyunduo77",
      "unicode": "e783",
      "unicode_decimal": 59267
    },
    {
      "icon_id": "35593764",
      "name": "古风祥云云朵76",
      "font_class": "gufengxiangyunyunduo76",
      "unicode": "e784",
      "unicode_decimal": 59268
    },
    {
      "icon_id": "35593765",
      "name": "古风祥云云朵72",
      "font_class": "gufengxiangyunyunduo72",
      "unicode": "e785",
      "unicode_decimal": 59269
    },
    {
      "icon_id": "35593766",
      "name": "古风祥云云朵50",
      "font_class": "gufengxiangyunyunduo50",
      "unicode": "e786",
      "unicode_decimal": 59270
    },
    {
      "icon_id": "35593767",
      "name": "古风祥云云朵66",
      "font_class": "gufengxiangyunyunduo66",
      "unicode": "e787",
      "unicode_decimal": 59271
    },
    {
      "icon_id": "35593768",
      "name": "古风祥云云朵75",
      "font_class": "gufengxiangyunyunduo75",
      "unicode": "e788",
      "unicode_decimal": 59272
    },
    {
      "icon_id": "35593769",
      "name": "古风祥云云朵81",
      "font_class": "gufengxiangyunyunduo81",
      "unicode": "e789",
      "unicode_decimal": 59273
    },
    {
      "icon_id": "35593770",
      "name": "古风祥云云朵60",
      "font_class": "gufengxiangyunyunduo60",
      "unicode": "e78a",
      "unicode_decimal": 59274
    },
    {
      "icon_id": "35593771",
      "name": "古风祥云云朵64",
      "font_class": "gufengxiangyunyunduo64",
      "unicode": "e78b",
      "unicode_decimal": 59275
    },
    {
      "icon_id": "35593772",
      "name": "古风祥云云朵79",
      "font_class": "gufengxiangyunyunduo79",
      "unicode": "e78c",
      "unicode_decimal": 59276
    },
    {
      "icon_id": "35593774",
      "name": "古风祥云云朵73",
      "font_class": "gufengxiangyunyunduo73",
      "unicode": "e78d",
      "unicode_decimal": 59277
    },
    {
      "icon_id": "35593775",
      "name": "古风祥云云朵82",
      "font_class": "gufengxiangyunyunduo82",
      "unicode": "e78e",
      "unicode_decimal": 59278
    },
    {
      "icon_id": "35593776",
      "name": "古风祥云云朵70",
      "font_class": "gufengxiangyunyunduo70",
      "unicode": "e78f",
      "unicode_decimal": 59279
    },
    {
      "icon_id": "35593778",
      "name": "古风祥云云朵80",
      "font_class": "gufengxiangyunyunduo80",
      "unicode": "e790",
      "unicode_decimal": 59280
    },
    {
      "icon_id": "35593779",
      "name": "古风祥云云朵71",
      "font_class": "gufengxiangyunyunduo71",
      "unicode": "e791",
      "unicode_decimal": 59281
    }
  ]
}
